{
  "train_losses": [
    1.2709875767553405,
    1.092403400570048,
    1.0489812390359554,
    1.0038967046131018,
    0.9733068040557745,
    0.9607569156203547,
    0.9431468517136178,
    0.9374228772902828,
    0.9269698502126891,
    0.9113131045526245,
    0.9104957136006259,
    0.900878991122984,
    0.888733907115523,
    0.8874479017241428,
    0.881480414407109,
    0.8758365806293799,
    0.872802617331063,
    0.8659602327234733,
    0.8678166556878022,
    0.8569065382083257,
    0.8511750997305977,
    0.8459547193298914,
    0.8450346132110659,
    0.8422090461166092,
    0.8401424000050745,
    0.8385580261088775,
    0.8363208229502184,
    0.8334333167310852,
    0.8303125409778398,
    0.8281265991703471,
    0.8264726905432813,
    0.823426133134399,
    0.8220456873474384,
    0.8210813067544115,
    0.8213665503411954,
    0.8192506058501745,
    0.8180316286835453,
    0.8166475982923384,
    0.8163141611861872,
    0.815284997238065,
    0.815703226622384,
    0.8144824594206233
  ],
  "val_losses": [
    1.3807107947766781,
    1.3839178236408367,
    1.143055853413211,
    1.1609605540624923,
    1.2034861901154121,
    1.1839354977839522,
    1.0394101966172458,
    1.002266208289398,
    1.0903610169266662,
    1.1119496908866697,
    1.0398793974063463,
    1.0637432202075918,
    0.9897338420256144,
    1.0796437315953276,
    1.2751200969848369,
    1.1668312733992934,
    1.011927821714845,
    1.0626547765193715,
    1.1840365692559216,
    1.157481631429659,
    0.9901337527463006,
    0.9370671356510785,
    0.9980986403301358,
    0.9856732418139775,
    1.0207728556046882,
    1.0294565621556506,
    0.9656585963235961,
    1.10103440499968,
    0.9752869947089089,
    0.9947575422624747,
    0.978751166868541,
    0.9991663491560353,
    1.0115404956249727,
    1.0078109147441057,
    1.0920811800079213,
    1.1582078084349632,
    1.0621756403396527,
    0.9377237997845643,
    1.0185299815817013,
    0.9763788430227174,
    0.9945875179229511,
    0.9658040039241313
  ],
  "val_dices": [
    0.4112433010275461,
    0.40039167208844056,
    0.471466264983141,
    0.44656130314746967,
    0.4345618028547524,
    0.437243642946293,
    0.4752458192315866,
    0.4927104149632344,
    0.45878553689235924,
    0.46017543051387194,
    0.4697403535479398,
    0.5008622400692402,
    0.48275953249994524,
    0.46598355441122824,
    0.4291984489776867,
    0.48797724845251467,
    0.49808292415747735,
    0.48233116917505825,
    0.4674204392070598,
    0.45472274031541626,
    0.4870972452130076,
    0.5275584110450455,
    0.4992973819637132,
    0.49937200132152937,
    0.491262089520816,
    0.4832506508355899,
    0.5059107462358469,
    0.48584191507190205,
    0.5012195019965878,
    0.48005828187149346,
    0.5029190459504266,
    0.4840804526309272,
    0.49734758262662176,
    0.5126991440799474,
    0.47049333084136535,
    0.47531286224821295,
    0.5015126675083762,
    0.5177917753361462,
    0.4822560541631216,
    0.5112002426325323,
    0.5122185774869615,
    0.5094606051071807
  ],
  "best_val_dice": 0.5275584110450455
}