{
  "train_losses": [
    4.3640030374306376,
    3.866585109793843,
    3.3699260036928376,
    3.121401686013664,
    3.042954879581999,
    2.9873124434395053,
    2.959644529866861,
    2.922444502212116,
    2.8933371750025847,
    2.873278244622803,
    2.8365730755870735,
    2.8069033278406446,
    2.800183237182288,
    2.785707093607347,
    2.775826487517866,
    2.7582887470156554,
    2.7509428258998536,
    2.740026697693205,
    2.7277099889827934,
    2.71678960070562,
    2.7114278313881703,
    2.7098430142708096,
    2.6996091317522426,
    2.6978221061426266,
    2.6883371354457464,
    2.6826662655614872,
    2.6814129637512307,
    2.675934685011917,
    2.6736508292871863,
    2.6707347082780633,
    2.6678352674838344,
    2.6635595081398353,
    2.6583748359414323,
    2.656329456774224,
    2.6593066575370226,
    2.6514795060542413,
    2.649011252666708,
    2.6526051407783764,
    2.650408765175164,
    2.6480618832657203,
    2.6486033855596047,
    2.645600328082716,
    2.6429602931013876,
    2.644040973320126,
    2.643462780160412,
    2.6396889412954607,
    2.639838482013518,
    2.6406767670405435,
    2.636382444261232,
    2.640125372337701,
    2.640387972231296,
    2.635079878434309,
    2.6365174131814837,
    2.6362897052671563
  ],
  "val_losses": [
    4.348889624741342,
    3.704987645480368,
    3.4961544854773416,
    3.1430120387011105,
    3.4822722481356725,
    3.1705181591212748,
    3.6047528020209736,
    3.1976138826873566,
    3.4393602948221895,
    3.228815533220768,
    3.1918352015316485,
    3.6062992750356595,
    3.5961760744452476,
    3.144091102605065,
    3.733362199780014,
    3.5110487803816794,
    3.0506758090936477,
    3.334191202248136,
    3.307720293932491,
    3.387678142719799,
    3.5132901559273404,
    3.555296845651335,
    3.5357298638671635,
    3.785552790760994,
    3.015170401169194,
    3.3608120707174143,
    3.018201220656435,
    3.3374320031868088,
    3.442481963005331,
    3.2867209696935284,
    3.458626462270816,
    3.1309532109234066,
    3.444893044150538,
    3.120621535761489,
    3.448003589775827,
    3.153724714203013,
    3.207836472118894,
    3.4394313854475818,
    3.347977420522107,
    3.398466470423672,
    3.346937233540747,
    3.471238970839315,
    3.436728687211871,
    3.1115813666747676,
    3.3213763307366104,
    3.337864820038279,
    3.3044259503897693,
    3.305316210538149,
    3.4267475405500996,
    3.497453128877613,
    3.4967697684963546,
    3.5179671737882825,
    3.432516543236044,
    3.4191927120917374
  ],
  "val_dices": [
    0.41478694142872863,
    0.47726852028570144,
    0.46460388768667193,
    0.4677905544434171,
    0.4363515974806209,
    0.5107246023733288,
    0.40884268667713136,
    0.5016122812066909,
    0.47032951313817745,
    0.49456098145209726,
    0.499048881993796,
    0.4811561424840676,
    0.4300025798147028,
    0.5102267439138828,
    0.449393366126658,
    0.4304366197768897,
    0.5242391993037521,
    0.46456617326555544,
    0.47598129300771325,
    0.4616599570351762,
    0.4568048592110375,
    0.4557905813207964,
    0.4775057840828609,
    0.43080820881101883,
    0.49921407769491305,
    0.48007246586673613,
    0.5035804645220532,
    0.4751746797748245,
    0.45532282227187176,
    0.4828276430371568,
    0.46201481332115174,
    0.5060934325793903,
    0.46249408683326193,
    0.49043445329690827,
    0.4726611561710987,
    0.511469324990558,
    0.48566964328974427,
    0.4660305771992713,
    0.4972245234143114,
    0.46749456813442375,
    0.5089351171136589,
    0.45670815536646503,
    0.47513715226181574,
    0.48868269341559106,
    0.4818007135574938,
    0.5008751404760229,
    0.5089356050719306,
    0.4789840174326762,
    0.48736939649735667,
    0.4629410932600657,
    0.4573407179987006,
    0.4812738246427007,
    0.4766211945047283,
    0.46071817254900105
  ],
  "best_val_dice": 0.5242391993037521
}